{
    "means": [
        0.4913996786152028,
        0.4821584083946074,
        0.4465309144454644
    ],
    "stds": [
        0.24703223246328238,
        0.2434851280000556,
        0.26158784172796423
    ]
}